{"is_source_file": true, "format": "JavaScript", "description": "This file defines a constant key used for storing favorites in local storage.", "external_files": [], "external_methods": [], "published": ["FAVORITES_STORAGE_KEY"], "classes": [], "methods": [], "calls": [], "search-terms": ["storage", "favorites", "localStorage", "key", "tmp_favorites_v1"], "state": 2, "file_id": 27, "knowledge_revision": 43, "git_revision": "", "ctags": [{"_type": "tag", "name": "FAVORITES_STORAGE_KEY", "path": "/home/kavia/workspace/code-generation/trending-music-player-319316-319325/frontend_music_app_frontend/src/lib/storage.js", "pattern": "/^export const FAVORITES_STORAGE_KEY = \"tmp_favorites_v1\";$/", "language": "JavaScript", "kind": "constant"}], "hash": "70698e9dc8e6219d247f622e6454e045", "format-version": 4, "code-base-name": "frontend_music_app_frontend", "filename": "frontend_music_app_frontend/src/lib/storage.js", "revision_history": [{"43": ""}]}