{"is_source_file": false, "format": "", "description": "", "external_files": [], "external_methods": [], "published": [], "classes": [], "methods": [], "calls": [], "search-terms": [], "state": 2, "file_id": 1, "knowledge_revision": 14, "git_revision": "c62f7161942ac57958148f4637e22086c686fa6d", "hash": "42c5852f2f8e52cfaeb3cfbf4995a66d", "format-version": 4, "code-base-name": "frontend_music_app_frontend", "filename": "README.md", "revision_history": [{"14": "c62f7161942ac57958148f4637e22086c686fa6d"}]}